{
  "countries": {
    "af": "Afghanistan",
    "al": "Albanien",
    "dz": "Algerien",
    "ad": "Andorra",
    "ao": "Angola",
    "ag": "Antigua und Barbuda",
    "ar": "Argentinien",
    "am": "Armenien",
    "au": "Australien",
    "at": "Österreich",
    "az": "Aserbaidschan",
    "bs": "Bahamas",
    "bh": "Bahrain",
    "bd": "Bangladesch",
    "bb": "Barbados",
    "by": "Belarus",
    "be": "Belgien",
    "bz": "Belize",
    "bj": "Benin",
    "bt": "Bhutan",
    "bo": "Bolivien",
    "ba": "Bosnien und Herzegowina",
    "bw": "Botswana",
    "br": "Brasilien",
    "bn": "Brunei",
    "bg": "Bulgarien",
    "bf": "Burkina Faso",
    "bi": "Burundi",
    "kh": "Kambodscha",
    "cm": "Kamerun",
    "ca": "Kanada",
    "cv": "Kap Verde",
    "cf": "Zentralafrikanische Republik",
    "td": "Tschad",
    "cl": "Chile",
    "cn": "China",
    "co": "Kolumbien",
    "km": "Komoren",
    "cg": "Kongo",
    "cd": "Demokratische Republik Kongo",
    "cr": "Costa Rica",
    "ci": "Elfenbeinküste",
    "hr": "Kroatien",
    "cu": "Kuba",
    "cy": "Zypern",
    "cz": "Tschechien",
    "dk": "Dänemark",
    "dj": "Dschibuti",
    "dm": "Dominica",
    "do": "Dominikanische Republik",
    "ec": "Ecuador",
    "eg": "Ägypten",
    "sv": "El Salvador",
    "gq": "Äquatorialguinea",
    "er": "Eritrea",
    "ee": "Estland",
    "sz": "Eswatini",
    "et": "Äthiopien",
    "fj": "Fidschi",
    "fi": "Finnland",
    "fr": "Frankreich",
    "ga": "Gabun",
    "gm": "Gambia",
    "ge": "Georgien",
    "de": "Deutschland",
    "gh": "Ghana",
    "gr": "Griechenland",
    "gd": "Grenada",
    "gt": "Guatemala",
    "gn": "Guinea",
    "gw": "Guinea-Bissau",
    "gy": "Guyana",
    "ht": "Haiti",
    "hn": "Honduras",
    "hu": "Ungarn",
    "is": "Island",
    "in": "Indien",
    "id": "Indonesien",
    "ir": "Iran",
    "iq": "Irak",
    "ie": "Irland",
    "il": "Israel",
    "it": "Italien",
    "jm": "Jamaika",
    "jp": "Japan",
    "jo": "Jordanien",
    "kz": "Kasachstan",
    "ke": "Kenia",
    "ki": "Kiribati",
    "kw": "Kuwait",
    "kg": "Kirgisistan",
    "la": "Laos",
    "lv": "Lettland",
    "lb": "Libanon",
    "ls": "Lesotho",
    "lr": "Liberia",
    "ly": "Libyen",
    "li": "Liechtenstein",
    "lt": "Litauen",
    "lu": "Luxemburg",
    "mg": "Madagaskar",
    "mw": "Malawi",
    "my": "Malaysia",
    "mv": "Malediven",
    "ml": "Mali",
    "mt": "Malta",
    "mh": "Marshallinseln",
    "mq": "Martinique",
    "mr": "Mauretanien",
    "mu": "Mauritius",
    "yt": "Mayotte",
    "mx": "Mexiko",
    "fm": "Mikronesien",
    "md": "Moldau",
    "mc": "Monaco",
    "mn": "Mongolei",
    "me": "Montenegro",
    "ma": "Marokko",
    "mz": "Mosambik",
    "mm": "Myanmar",
    "na": "Namibia",
    "nr": "Nauru",
    "np": "Nepal",
    "nl": "Niederlande",
    "nz": "Neuseeland",
    "ni": "Nicaragua",
    "ne": "Niger",
    "ng": "Nigeria",
    "kp": "Nordkorea",
    "mk": "Nordmazedonien",
    "no": "Norwegen",
    "om": "Oman",
    "pk": "Pakistan",
    "pw": "Palau",
    "ps": "Palästina",
    "pa": "Panama",
    "pg": "Papua-Neuguinea",
    "py": "Paraguay",
    "pe": "Peru",
    "ph": "Philippinen",
    "pl": "Polen",
    "pt": "Portugal",
    "qa": "Katar",
    "ro": "Rumänien",
    "ru": "Russland",
    "rw": "Ruanda",
    "kn": "St. Kitts und Nevis",
    "lc": "St. Lucia",
    "vc": "St. Vincent und die Grenadinen",
    "ws": "Samoa",
    "sm": "San Marino",
    "st": "São Tomé und Príncipe",
    "sa": "Saudi-Arabien",
    "sn": "Senegal",
    "rs": "Serbien",
    "sc": "Seychellen",
    "sl": "Sierra Leone",
    "sg": "Singapur",
    "sk": "Slowakei",
    "si": "Slowenien",
    "sb": "Salomonen",
    "so": "Somalia",
    "za": "Südafrika",
    "kr": "Südkorea",
    "ss": "Südsudan",
    "es": "Spanien",
    "lk": "Sri Lanka",
    "sd": "Sudan",
    "sr": "Suriname",
    "se": "Schweden",
    "ch": "Schweiz",
    "sy": "Syrien",
    "tw": "Taiwan",
    "tj": "Tadschikistan",
    "tz": "Tansania",
    "th": "Thailand",
    "tl": "Timor-Leste",
    "tg": "Togo",
    "to": "Tonga",
    "tt": "Trinidad und Tobago",
    "tn": "Tunesien",
    "tr": "Türkei",
    "tm": "Turkmenistan",
    "tv": "Tuvalu",
    "ug": "Uganda",
    "ua": "Ukraine",
    "ae": "Vereinigte Arabische Emirate",
    "gb": "Vereinigtes Königreich",
    "us": "Vereinigte Staaten",
    "uy": "Uruguay",
    "uz": "Usbekistan",
    "vu": "Vanuatu",
    "va": "Vatikanstadt",
    "ve": "Venezuela",
    "vn": "Vietnam",
    "eh": "Westsahara",
    "ye": "Jemen",
    "zm": "Sambia",
    "zw": "Simbabwe"
  }
}
